skills,role
python numpy pandas sql statistics excel tableau,Data Analyst
python pandas sql excel statistics visualization powerbi,Data Analyst
networking security linux wireshark python cryptography incident response,Cybersecurity Analyst
html css javascript react node express mongodb git npm,Full Stack Developer
python sklearn numpy pandas machine learning data preprocessing nlp,AI ML Engineer
sql python pandas excel statistics visualization data cleaning,Data Analyst
html css javascript react redux node express mysql git bootstrap,Full Stack Developer
python numpy sklearn pandas deep learning machine learning tensorflow keras,AI ML Engineer
html css javascript react vite node express mongodb git,Full Stack Developer
python numpy pandas sklearn machine learning data preprocessing model deployment,AI ML Engineer
python numpy pandas sklearn machine learning deep learning model evaluation,AI ML Engineer
react node express mongodb html css javascript git rest api,Full Stack Developer
excel python sql pandas statistics visualization powerbi charts,Data Analyst
python pandas sql statistics excel visualization data analysis,Data Analyst
python sklearn numpy machine learning pandas deep learning computer vision,AI ML Engineer
python pandas numpy sql excel statistics tableau visualization,Data Analyst
excel sql python pandas numpy statistics visualization,Data Analyst
linux security networking python cryptography wireshark threat analysis,Cybersecurity Analyst
python pandas numpy machine learning sklearn data preprocessing pipeline,AI ML Engineer
python flask api sql git authentication mongodb,Backend Developer
python flask sql git swagger authentication api,Backend Developer
python django sql api git postman authentication,Backend Developer
python flask api sql authentication git microservices,Backend Developer
networking security python linux wireshark cryptography access control,Cybersecurity Analyst
networking linux security python wireshark cryptography,Cybersecurity Analyst
python pandas numpy statistics sql excel dashboard visualization,Data Analyst
security networking linux python cryptography wireshark vulnerability,Cybersecurity Analyst
python django sql api git mysql authentication,Backend Developer
security linux networking python cryptography wireshark scanning,Cybersecurity Analyst
python django sql api authentication git nginx,Backend Developer
html css js react node express sql git docker,Full Stack Developer
python pandas sql statistics excel visualization powerbi reporting,Data Analyst
python pandas numpy sql excel statistics visualization business analysis,Data Analyst
python numpy sklearn pandas machine learning data preprocessing pytorch,AI ML Engineer
python pandas sklearn numpy machine learning data preprocessing clustering,AI ML Engineer
sql excel python pandas statistics visualization powerbi,Data Analyst
networking linux security python cryptography wireshark vpn,Cybersecurity Analyst
python pandas sql excel statistics visualization analysis reporting,Data Analyst
linux security networking wireshark cryptography python ethical hacking,Cybersecurity Analyst
html css javascript react redux node express mongodb git webpack,Full Stack Developer
python django sql git api authentication rest,Backend Developer
python django rest framework sql git api authentication,Backend Developer
python django rest sql git api authentication aws,Backend Developer
python pandas numpy sql excel statistics visualization,Data Analyst
react javascript html css node express mongodb git ejs,Full Stack Developer
python numpy pandas sklearn machine learning deep learning cnn,AI ML Engineer
python numpy pandas sklearn machine learning data preprocessing model training,AI ML Engineer
python numpy pandas sklearn machine learning deep learning data preprocessing,AI ML Engineer
html css javascript react node mongodb express git tailwind,Full Stack Developer
python flask sql git rest api authentication unittest,Backend Developer
security networking linux python wireshark cryptography compliance,Cybersecurity Analyst
python sql excel pandas statistics visualization seaborn,Data Analyst
html css js react node express mongodb api git rest,Full Stack Developer
python excel sql statistics pandas visualization powerbi numpy,Data Analyst
html css js bootstrap react node express mongodb api git,Full Stack Developer
python flask sql api authentication git linux,Backend Developer
python excel pandas sql statistics visualization powerbi trends,Data Analyst
python numpy pandas machine learning sklearn deep learning neural networks,AI ML Engineer
python flask rest api sql git docker authentication,Backend Developer
python pandas numpy sklearn deep learning machine learning tensorflow,AI ML Engineer
python flask sqlalchemy sql git api jwt,Backend Developer
html css bootstrap javascript react node express sql git,Full Stack Developer
html css javascript angular node express mongodb git typescript,Full Stack Developer
python pandas sklearn numpy machine learning data preprocessing regression,AI ML Engineer
linux networking security wireshark python cryptography pentesting,Cybersecurity Analyst
html css javascript typescript react node express mongodb git,Full Stack Developer
python pandas sklearn numpy machine learning deep learning supervised learning,AI ML Engineer
python pandas sql excel visualization statistics matplotlib,Data Analyst
security networking linux python firewall cryptography wireshark soc,Cybersecurity Analyst
python flask sql api git authentication,Backend Developer
html css javascript react node express mongodb sql git,Full Stack Developer
linux networking security python cryptography wireshark forensics,Cybersecurity Analyst
sql python pandas numpy excel statistics visualization reporting,Data Analyst
networking linux python security wireshark cryptography encryption,Cybersecurity Analyst
sql excel pandas python statistics visualization tableau dashboard,Data Analyst
linux networking security python wireshark cryptography risk assessment,Cybersecurity Analyst
python flask api sql git postgresql authentication,Backend Developer
python pandas numpy sklearn machine learning data preprocessing feature engineering,AI ML Engineer
networking linux security python firewall wireshark cryptography nmap,Cybersecurity Analyst
python sklearn numpy pandas machine learning deep learning gradient descent,AI ML Engineer
python pandas numpy machine learning sklearn deep learning keras,AI ML Engineer
python django api sql git authentication celery,Backend Developer
python flask sql git api authentication oauth,Backend Developer
networking linux security python cryptography wireshark intrusion detection,Cybersecurity Analyst
linux security networking wireshark python cryptography siem,Cybersecurity Analyst
html css javascript react node express mongodb git github,Full Stack Developer
python numpy pandas sql excel statistics visualization regression,Data Analyst
python numpy sklearn pandas machine learning deep learning algorithms,AI ML Engineer
html css javascript jquery react node express mysql git,Full Stack Developer
python sklearn pandas numpy machine learning data preprocessing classification,AI ML Engineer
networking security linux python wireshark cryptography malware analysis,Cybersecurity Analyst
html css javascript node react express mongodb git heroku,Full Stack Developer
html css javascript react node mongoose express git sql,Full Stack Developer
python flask rest sql git authentication redis,Backend Developer
python fastapi sql git api authentication docker,Backend Developer
python flask sql api git jwt postgresql docker,Backend Developer
security linux networking python wireshark cryptography network security,Cybersecurity Analyst
html css javascript vue node express postgresql git,Full Stack Developer
html css react javascript node express sql git postman,Full Stack Developer
networking security linux python wireshark firewall cryptography,Cybersecurity Analyst
express npm javascript sass github sql html typescript node git bootstrap react,Full Stack Developer
react rest api html css sql postman git,Full Stack Developer
node git rest api sql javascript ajax css github angular mongodb react express jquery,Full Stack Developer
sql react css node html git webpack yarn mongodb javascript ajax,Full Stack Developer
typescript express git javascript react angular sql html mongodb css rest api,Full Stack Developer
javascript express postman node mongodb html git mongoose sql,Full Stack Developer
typescript redux node react yarn git javascript html github css mongodb express,Full Stack Developer
express node redux sql npm html css jquery ajax angular react mongodb,Full Stack Developer
javascript ejs css git node bootstrap html react,Full Stack Developer
javascript sql css mongoose node git mongodb express react postman,Full Stack Developer
mongodb css sql bootstrap express html angular react vue node,Full Stack Developer
webpack react yarn html sql express redux git mongodb node ejs,Full Stack Developer
javascript ejs express sass typescript react node git css npm rest api mongodb html,Full Stack Developer
javascript ajax git sql ejs github css express html node,Full Stack Developer
express rest api postman node css mongodb sass javascript webpack html,Full Stack Developer
sql tailwind mongodb javascript express css webpack mongoose html react node,Full Stack Developer
react git bootstrap javascript express sass node css mongodb,Full Stack Developer
node css react github html sql javascript bootstrap,Full Stack Developer
html express vue typescript css react node npm sql git,Full Stack Developer
npm react javascript ajax express css sql git vite mongodb node typescript rest api,Full Stack Developer
express react mongodb bootstrap git javascript postman node sql css webpack,Full Stack Developer
css git rest api mongoose webpack mongodb react html javascript sql,Full Stack Developer
react html sql npm node express jquery javascript git,Full Stack Developer
jquery mongodb express git redux sass html javascript node react,Full Stack Developer
express rest api html npm git css javascript,Full Stack Developer
git react mongodb express node tailwind postman html javascript,Full Stack Developer
mongodb css javascript tailwind html jquery git sass express react node,Full Stack Developer
mongodb tailwind css express javascript html git react node jquery,Full Stack Developer
ejs html node express npm react sql tailwind typescript git,Full Stack Developer
angular css git webpack express mongodb rest api vite react node,Full Stack Developer
html css yarn vite mongodb bootstrap ejs react express,Full Stack Developer
ajax express mongoose html vue git sql rest api npm javascript,Full Stack Developer
git sql postman redux typescript html vite mongodb css,Full Stack Developer
react express ejs node sql sass tailwind css,Full Stack Developer
sql mongodb html tailwind angular node express redux bootstrap javascript css,Full Stack Developer
express tailwind react bootstrap node yarn github git javascript html vite,Full Stack Developer
github angular sql javascript html css express tailwind,Full Stack Developer
express sass yarn ajax postman react mongodb git html node,Full Stack Developer
mongoose html npm node react postman css ajax express,Full Stack Developer
ajax react html express javascript node mongodb css npm git ejs,Full Stack Developer
postman html webpack react javascript typescript angular mongodb git npm node,Full Stack Developer
node mongodb sql vue javascript html git bootstrap css react,Full Stack Developer
sql react css mongodb node vue bootstrap javascript,Full Stack Developer
express javascript webpack redux html tailwind css git react npm node sql mongoose,Full Stack Developer
javascript git sql redux webpack tailwind mongodb node,Full Stack Developer
css jquery yarn git express react html,Full Stack Developer
css github react mongodb angular sql javascript mongoose html sass postman node git,Full Stack Developer
git typescript bootstrap sql react html vite css mongodb ejs yarn javascript,Full Stack Developer
css git ajax angular mongodb redux express react,Full Stack Developer
sql redux html css yarn typescript javascript sass webpack express react mongodb git,Full Stack Developer
git html react javascript mongodb postman sass css,Full Stack Developer
sql git mongoose bootstrap css javascript express node mongodb,Full Stack Developer
github webpack sass rest api node react html mongodb javascript sql git express,Full Stack Developer
react css express git mongodb typescript github node sass javascript,Full Stack Developer
yarn node css sql express react javascript vite mongoose html github bootstrap,Full Stack Developer
javascript jquery vue sql git mongoose mongodb express node,Full Stack Developer
react yarn ajax git javascript css bootstrap sql,Full Stack Developer
html mongodb node mongoose git css rest api javascript bootstrap sql,Full Stack Developer
typescript css git mongodb express angular node github,Full Stack Developer
css html github express mongodb javascript postman sql jquery git react,Full Stack Developer
ejs redux react mongodb css vite express yarn node javascript bootstrap html git,Full Stack Developer
mongodb css rest api react node vue redux javascript html git express,Full Stack Developer
vite webpack jquery html react express git tailwind css sql,Full Stack Developer
yarn npm ajax node react express sql css html vite,Full Stack Developer
github express rest api javascript git react sql css html vue vite,Full Stack Developer
express javascript mongodb ejs git jquery react css vite typescript sql vue,Full Stack Developer
sql javascript mongoose html node react ejs css mongodb express,Full Stack Developer
express node mongodb html mongoose css github git,Full Stack Developer
node javascript mongodb sql react express html css postman vite ajax,Full Stack Developer
express react bootstrap javascript css sql node git vue,Full Stack Developer
mongoose git javascript css vue react yarn jquery html express sql mongodb rest api,Full Stack Developer
react git mongodb node rest api sql express javascript typescript github,Full Stack Developer
ajax css react express github mongodb javascript angular html git,Full Stack Developer
sql html bootstrap typescript vite node mongodb ajax css express yarn react git,Full Stack Developer
mongodb html postman javascript npm git sql,Full Stack Developer
bootstrap vue angular sass mongodb sql html npm node css javascript react,Full Stack Developer
yarn mongodb git express ejs node jquery sql bootstrap mongoose html,Full Stack Developer
git vue express node html jquery ajax css ejs redux,Full Stack Developer
javascript git ajax ejs html react node sql,Full Stack Developer
html sql ajax webpack javascript mongodb github jquery angular git node,Full Stack Developer
oauth python sqlite microservices postman api django swagger fastapi sql authentication,Backend Developer
django postgresql authentication sql mysql fastapi flask,Backend Developer
sql fastapi api postgresql git python unittest authentication django,Backend Developer
authentication redis aws git django api python fastapi celery,Backend Developer
authentication sqlalchemy git flask python sql docker fastapi jwt sqlite,Backend Developer
sql microservices python flask git authentication sqlalchemy docker django sqlite fastapi,Backend Developer
sql github python redis rest framework git authentication api flask celery,Backend Developer
flask django python aws postgresql fastapi sql,Backend Developer
docker python flask sqlite fastapi django api mongodb,Backend Developer
postman authentication microservices python fastapi flask sql git,Backend Developer
api python aws django authentication mysql rest framework git sql nginx fastapi flask,Backend Developer
api sql rest framework python git authentication flask django fastapi sqlite,Backend Developer
fastapi oauth sql git api flask python django authentication rest framework,Backend Developer
fastapi flask authentication api sql python jwt nginx django git,Backend Developer
git authentication sql aws microservices python celery api django postman docker,Backend Developer
sql nginx python api rest framework django microservices fastapi authentication git flask,Backend Developer
django fastapi postman api git redis authentication swagger,Backend Developer
flask django git sql sqlite fastapi postman authentication,Backend Developer
nginx sqlalchemy api git sql authentication sqlite python flask django oauth fastapi,Backend Developer
flask aws sqlite fastapi mysql celery sql authentication python oauth,Backend Developer
fastapi api flask python authentication git postgresql mongodb sql sqlalchemy,Backend Developer
docker sql python api flask microservices fastapi jwt git django,Backend Developer
api flask swagger rest framework postgresql fastapi django python,Backend Developer
postgresql microservices python django authentication api unittest fastapi git,Backend Developer
redis python fastapi flask swagger sql django authentication oauth api,Backend Developer
postgresql django python sql fastapi nginx flask celery,Backend Developer
flask authentication sql postgresql git nginx django api,Backend Developer
sql microservices python django nginx fastapi sqlite api git flask,Backend Developer
git sql django aws flask authentication swagger sqlalchemy python api,Backend Developer
sql git fastapi docker github authentication api django sqlalchemy python flask,Backend Developer
rest framework api flask sql fastapi git postgresql authentication django,Backend Developer
python microservices fastapi flask mysql git sql authentication django mongodb,Backend Developer
git sqlite authentication python flask oauth celery sql api fastapi jwt mysql django,Backend Developer
microservices authentication unittest fastapi git postman django nginx api sql python swagger flask,Backend Developer
authentication git jwt microservices docker python django sqlite fastapi flask redis,Backend Developer
sqlalchemy postman authentication docker api flask django python github sql fastapi git,Backend Developer
docker api aws python postgresql authentication git fastapi flask,Backend Developer
sql postman authentication git django microservices fastapi nginx,Backend Developer
flask authentication fastapi mysql redis docker sqlite api unittest python,Backend Developer
authentication mysql python microservices git django swagger api github fastapi,Backend Developer
mysql sqlite flask authentication django docker fastapi python sql,Backend Developer
fastapi api docker sql aws authentication python git flask,Backend Developer
microservices django sqlalchemy flask fastapi sql github postgresql authentication python jwt,Backend Developer
rest framework nginx fastapi postman celery api python git flask django,Backend Developer
postman git api flask authentication github python fastapi sql django,Backend Developer
postgresql redis api flask python git sql,Backend Developer
api django postgresql git python flask mongodb nginx sql,Backend Developer
python api redis mysql fastapi git aws sql postman django authentication flask,Backend Developer
flask mysql postman python sql git api,Backend Developer
python postgresql flask swagger authentication sql fastapi django git,Backend Developer
fastapi authentication django python mongodb redis sql flask oauth api git,Backend Developer
fastapi sql flask nginx git django api jwt python,Backend Developer
aws django sql flask fastapi python api redis docker celery,Backend Developer
aws postgresql sqlite python sql mysql django authentication fastapi api,Backend Developer
oauth authentication flask aws git sql python fastapi django api github,Backend Developer
fastapi oauth redis flask authentication api mongodb git django python rest framework sqlite sql,Backend Developer
jwt authentication django git flask fastapi postman sql docker api aws rest framework python,Backend Developer
python mongodb docker django authentication fastapi mysql api flask sql microservices postman git,Backend Developer
authentication postman sql django flask oauth fastapi celery git python api nginx sqlalchemy,Backend Developer
postgresql authentication python docker git microservices github sql api django rest framework,Backend Developer
sql git authentication flask fastapi unittest django python api rest framework,Backend Developer
authentication api oauth fastapi celery git django microservices,Backend Developer
flask sqlite api python git sql oauth,Backend Developer
fastapi django git rest framework api sql sqlalchemy flask mysql nginx python,Backend Developer
github authentication mysql nginx celery django api rest framework git sql flask python,Backend Developer
git unittest api authentication mysql sql django sqlite fastapi,Backend Developer
python rest framework fastapi microservices django api flask aws mongodb swagger authentication,Backend Developer
rest framework python sqlite api sqlalchemy git authentication django fastapi flask,Backend Developer
django flask git authentication sql mysql sqlalchemy python fastapi api aws,Backend Developer
authentication sqlite django mongodb sql celery redis git flask,Backend Developer
fastapi git sqlalchemy django authentication sql aws postgresql flask api celery,Backend Developer
authentication python postman django mysql fastapi nginx github sql,Backend Developer
authentication api sql git postman django python mongodb,Backend Developer
rest framework oauth sql aws api celery authentication python django flask,Backend Developer
python fastapi api django sqlite sql microservices flask git authentication mongodb oauth,Backend Developer
git django authentication fastapi mongodb rest framework unittest flask,Backend Developer
oauth flask jwt api fastapi sql python mysql git nginx,Backend Developer
fastapi authentication sql django python jwt rest framework git flask api,Backend Developer
sql authentication python git flask sqlite fastapi celery,Backend Developer
fastapi python sqlite flask django postgresql sql git authentication api microservices,Backend Developer
python seaborn data analysis charts numpy sql matplotlib pandas tableau statistics,Data Analyst
excel data analysis visualization python data cleaning sql reporting pandas statistics numpy powerbi,Data Analyst
sql visualization excel numpy sas statistics data cleaning tableau powerbi,Data Analyst
excel python sas powerbi data analysis pandas sql statistics,Data Analyst
numpy statistics tableau python pandas charts sql excel visualization,Data Analyst
sql data cleaning sas numpy pandas statistics powerbi r visualization python excel,Data Analyst
data analysis pandas statistics matplotlib excel python r sas numpy visualization sql,Data Analyst
numpy visualization data analysis sql sas seaborn statistics python excel pandas tableau,Data Analyst
python sql matplotlib sas seaborn numpy pandas statistics excel,Data Analyst
statistics python excel tableau data cleaning seaborn pandas sql visualization reporting numpy,Data Analyst
statistics r matplotlib python data analysis numpy sql pandas excel visualization,Data Analyst
sql excel reporting statistics r visualization tableau pandas data analysis charts numpy python,Data Analyst
python visualization numpy excel matplotlib charts statistics,Data Analyst
sql matplotlib excel visualization sas pandas statistics reporting data analysis python numpy,Data Analyst
python statistics visualization pandas excel r charts data cleaning,Data Analyst
reporting data cleaning data analysis powerbi visualization excel numpy sql pandas statistics,Data Analyst
visualization sql numpy excel data cleaning powerbi data analysis python pandas statistics sas,Data Analyst
charts r pandas seaborn sql visualization numpy excel tableau statistics python data cleaning,Data Analyst
charts statistics sql python pandas excel numpy data cleaning,Data Analyst
numpy pandas data cleaning sql reporting tableau statistics excel visualization python,Data Analyst
statistics pandas visualization reporting numpy python sql data analysis excel charts,Data Analyst
pandas visualization powerbi numpy seaborn data cleaning statistics python excel matplotlib tableau,Data Analyst
seaborn pandas excel sas python visualization numpy statistics,Data Analyst
visualization data cleaning pandas python charts numpy sql excel,Data Analyst
numpy python sql statistics pandas excel tableau visualization r sas matplotlib charts,Data Analyst
charts sas visualization sql matplotlib python statistics pandas reporting powerbi numpy,Data Analyst
sql data analysis charts pandas visualization excel statistics python numpy sas,Data Analyst
sas visualization statistics pandas tableau r sql matplotlib data analysis excel numpy,Data Analyst
data analysis reporting pandas excel visualization r python numpy sas statistics,Data Analyst
visualization pandas data analysis python sql excel r statistics charts numpy data cleaning,Data Analyst
r sql matplotlib reporting statistics numpy visualization excel powerbi tableau pandas python,Data Analyst
sql data cleaning statistics python numpy excel reporting data analysis pandas visualization,Data Analyst
tableau matplotlib python pandas data analysis statistics excel visualization numpy r sql,Data Analyst
powerbi pandas r python numpy sql excel visualization data analysis statistics,Data Analyst
sql pandas tableau statistics reporting powerbi numpy visualization python charts seaborn excel,Data Analyst
matplotlib visualization seaborn powerbi excel python pandas r tableau numpy statistics,Data Analyst
visualization matplotlib sql data analysis pandas python numpy excel statistics sas,Data Analyst
excel pandas sql statistics python numpy data analysis tableau visualization charts seaborn,Data Analyst
sql r data analysis reporting python visualization excel numpy,Data Analyst
pandas python powerbi sas reporting visualization charts sql numpy data analysis statistics excel,Data Analyst
numpy seaborn sql statistics python visualization powerbi sas pandas matplotlib excel,Data Analyst
numpy seaborn pandas statistics python powerbi visualization r reporting,Data Analyst
pandas tableau data analysis statistics visualization python sql numpy excel,Data Analyst
seaborn pandas numpy visualization excel statistics powerbi python,Data Analyst
excel sql r numpy visualization statistics python data cleaning sas pandas reporting,Data Analyst
numpy seaborn sql matplotlib pandas charts visualization excel data analysis,Data Analyst
tableau python statistics pandas numpy sql r visualization seaborn,Data Analyst
sql visualization sas matplotlib pandas numpy excel,Data Analyst
numpy python sql tableau data analysis visualization excel pandas,Data Analyst
pandas numpy matplotlib visualization reporting statistics python sql,Data Analyst
data cleaning sql visualization tableau excel data analysis pandas python numpy matplotlib statistics,Data Analyst
python charts r seaborn pandas numpy matplotlib sql visualization reporting statistics excel,Data Analyst
pandas sql statistics python seaborn excel sas visualization numpy,Data Analyst
visualization sql statistics python numpy excel sas tableau matplotlib pandas,Data Analyst
numpy pandas sql statistics seaborn charts visualization powerbi python reporting excel tableau,Data Analyst
matplotlib charts python reporting powerbi sql numpy excel statistics,Data Analyst
pandas r python visualization statistics data cleaning seaborn numpy sql excel,Data Analyst
r pandas tableau python visualization sql data cleaning reporting statistics excel,Data Analyst
excel python pandas charts seaborn data cleaning sql statistics sas visualization numpy,Data Analyst
reporting r pandas visualization sql python statistics,Data Analyst
visualization statistics numpy pandas sas python tableau,Data Analyst
visualization python statistics sql pandas data analysis powerbi excel numpy r data cleaning,Data Analyst
data cleaning excel powerbi pandas statistics sas python visualization numpy sql,Data Analyst
pandas r sas python charts sql numpy visualization excel seaborn matplotlib,Data Analyst
python sql data analysis data cleaning statistics excel reporting visualization numpy r,Data Analyst
visualization matplotlib statistics excel r python sql pandas numpy,Data Analyst
numpy visualization excel data analysis statistics r sql pandas python,Data Analyst
excel sql python matplotlib data analysis statistics pandas visualization,Data Analyst
sql python tableau visualization numpy r reporting pandas statistics excel,Data Analyst
tableau r visualization python statistics pandas numpy reporting charts excel sql sas,Data Analyst
excel data cleaning visualization statistics numpy sql reporting pandas python,Data Analyst
statistics pandas numpy data cleaning seaborn visualization matplotlib excel python sas powerbi,Data Analyst
pandas excel r statistics python powerbi numpy data analysis charts visualization seaborn,Data Analyst
visualization sql statistics data analysis pandas numpy excel tableau python,Data Analyst
sql statistics pandas numpy visualization python excel charts reporting seaborn,Data Analyst
python reporting data analysis sas excel data cleaning numpy r pandas statistics,Data Analyst
data cleaning visualization pandas python tableau matplotlib numpy seaborn statistics,Data Analyst
excel numpy data analysis statistics sql tableau python,Data Analyst
visualization powerbi python tableau sql statistics excel data analysis data cleaning,Data Analyst
pandas sql excel matplotlib sas data cleaning python statistics numpy seaborn reporting visualization,Data Analyst
regression pandas sklearn supervised learning tensorflow numpy python keras machine learning data preprocessing deep learning,AI ML Engineer
pandas machine learning deep learning python cnn numpy model evaluation data preprocessing sklearn,AI ML Engineer
keras numpy pandas deep learning sklearn model deployment computer vision python machine learning data preprocessing regression algorithms,AI ML Engineer
nlp python supervised learning deep learning clustering regression sklearn data preprocessing numpy machine learning model deployment,AI ML Engineer
data preprocessing model deployment pandas python regression deep learning machine learning,AI ML Engineer
sklearn data preprocessing computer vision pandas gradient descent deep learning feature engineering machine learning python numpy model deployment pytorch,AI ML Engineer
keras deep learning pytorch sklearn machine learning data preprocessing python pandas,AI ML Engineer
python pytorch deep learning data preprocessing machine learning numpy pandas computer vision sklearn model deployment feature engineering model evaluation,AI ML Engineer
python deep learning supervised learning feature engineering sklearn machine learning pandas data preprocessing,AI ML Engineer
feature engineering data preprocessing python sklearn deep learning pytorch unsupervised learning numpy model deployment pandas machine learning,AI ML Engineer
numpy feature engineering python pandas deep learning model deployment regression data preprocessing sklearn,AI ML Engineer
numpy pandas model deployment machine learning deep learning data preprocessing supervised learning regression sklearn python,AI ML Engineer
python feature engineering supervised learning data preprocessing gradient descent tensorflow machine learning regression pandas numpy,AI ML Engineer
sklearn pandas nlp machine learning model evaluation numpy keras deep learning data preprocessing python feature engineering clustering,AI ML Engineer
machine learning pytorch deep learning sklearn data preprocessing numpy gradient descent model evaluation pandas,AI ML Engineer
deep learning machine learning numpy keras classification sklearn supervised learning algorithms python cnn,AI ML Engineer
machine learning gradient descent python keras sklearn pandas cnn data preprocessing,AI ML Engineer
numpy pytorch model evaluation python pandas nlp gradient descent data preprocessing deep learning supervised learning machine learning,AI ML Engineer
pandas nlp pytorch numpy python classification sklearn unsupervised learning deep learning machine learning data preprocessing,AI ML Engineer
regression pandas deep learning sklearn machine learning keras data preprocessing,AI ML Engineer
computer vision gradient descent model evaluation machine learning pandas numpy sklearn python deep learning data preprocessing nlp,AI ML Engineer
numpy python pandas data preprocessing classification computer vision machine learning,AI ML Engineer
numpy nlp feature engineering machine learning sklearn data preprocessing deep learning,AI ML Engineer
machine learning pandas sklearn algorithms deep learning numpy tensorflow pytorch keras data preprocessing nlp,AI ML Engineer
numpy python pytorch pandas nlp model evaluation machine learning data preprocessing deep learning,AI ML Engineer
pandas pytorch deep learning data preprocessing keras sklearn machine learning numpy nlp python algorithms,AI ML Engineer
python nlp gradient descent numpy data preprocessing feature engineering computer vision deep learning machine learning,AI ML Engineer
clustering pandas machine learning deep learning numpy model evaluation data preprocessing python,AI ML Engineer
python cnn numpy pandas deep learning gradient descent machine learning sklearn data preprocessing model deployment regression,AI ML Engineer
classification data preprocessing deep learning model evaluation machine learning python numpy sklearn algorithms pandas pytorch,AI ML Engineer
tensorflow keras pandas numpy machine learning model deployment sklearn python data preprocessing deep learning,AI ML Engineer
pandas data preprocessing clustering computer vision numpy machine learning deep learning sklearn,AI ML Engineer
deep learning machine learning python regression data preprocessing pandas model evaluation numpy unsupervised learning keras sklearn tensorflow,AI ML Engineer
gradient descent keras sklearn deep learning data preprocessing regression unsupervised learning pandas python machine learning numpy,AI ML Engineer
deep learning python numpy data preprocessing machine learning sklearn pandas supervised learning cnn,AI ML Engineer
sklearn python model evaluation deep learning machine learning nlp numpy pandas data preprocessing,AI ML Engineer
sklearn gradient descent keras supervised learning unsupervised learning machine learning numpy pandas data preprocessing python,AI ML Engineer
machine learning sklearn clustering pandas deep learning data preprocessing pytorch nlp tensorflow numpy,AI ML Engineer
numpy data preprocessing tensorflow nlp pytorch sklearn keras pandas python,AI ML Engineer
numpy machine learning python data preprocessing sklearn pandas classification deep learning nlp,AI ML Engineer
data preprocessing cnn pandas numpy machine learning sklearn python regression supervised learning deep learning tensorflow,AI ML Engineer
classification sklearn pandas deep learning data preprocessing model deployment nlp numpy feature engineering machine learning supervised learning python,AI ML Engineer
keras deep learning numpy algorithms machine learning data preprocessing classification model deployment python unsupervised learning,AI ML Engineer
model evaluation python machine learning deep learning gradient descent nlp algorithms data preprocessing numpy unsupervised learning sklearn,AI ML Engineer
pandas python data preprocessing sklearn keras numpy classification machine learning,AI ML Engineer
deep learning pandas model evaluation python clustering sklearn machine learning numpy data preprocessing,AI ML Engineer
feature engineering regression unsupervised learning machine learning numpy data preprocessing sklearn python model evaluation,AI ML Engineer
feature engineering machine learning python classification sklearn unsupervised learning pandas deep learning numpy,AI ML Engineer
data preprocessing machine learning sklearn numpy pandas nlp clustering deep learning python gradient descent model evaluation,AI ML Engineer
sklearn data preprocessing tensorflow model evaluation machine learning numpy clustering python deep learning pandas,AI ML Engineer
machine learning sklearn supervised learning pandas numpy python data preprocessing gradient descent,AI ML Engineer
machine learning gradient descent pandas model deployment sklearn deep learning regression numpy,AI ML Engineer
machine learning sklearn pytorch data preprocessing clustering tensorflow deep learning python unsupervised learning pandas numpy,AI ML Engineer
sklearn feature engineering clustering python data preprocessing deep learning numpy,AI ML Engineer
clustering model evaluation deep learning feature engineering sklearn regression supervised learning pandas numpy data preprocessing machine learning,AI ML Engineer
clustering pandas sklearn cnn keras python data preprocessing numpy machine learning model deployment,AI ML Engineer
deep learning data preprocessing numpy tensorflow python computer vision machine learning nlp sklearn keras pandas,AI ML Engineer
machine learning cnn deep learning python pandas data preprocessing sklearn keras,AI ML Engineer
pytorch python data preprocessing machine learning numpy deep learning tensorflow sklearn,AI ML Engineer
pandas sklearn machine learning regression model deployment data preprocessing numpy deep learning python,AI ML Engineer
gradient descent machine learning pandas supervised learning data preprocessing sklearn numpy deep learning python,AI ML Engineer
data preprocessing machine learning model deployment pytorch pandas sklearn deep learning feature engineering numpy computer vision,AI ML Engineer
machine learning model evaluation sklearn numpy python classification keras pandas,AI ML Engineer
gradient descent sklearn pandas numpy machine learning data preprocessing python computer vision unsupervised learning,AI ML Engineer
python machine learning pandas keras sklearn deep learning numpy data preprocessing nlp,AI ML Engineer
feature engineering data preprocessing machine learning model deployment unsupervised learning pytorch deep learning numpy python,AI ML Engineer
machine learning deep learning model evaluation numpy classification sklearn clustering computer vision pandas data preprocessing,AI ML Engineer
cnn sklearn unsupervised learning python feature engineering data preprocessing machine learning pandas deep learning numpy,AI ML Engineer
algorithms classification python sklearn deep learning numpy computer vision pandas data preprocessing clustering machine learning cnn,AI ML Engineer
sklearn pandas deep learning numpy cnn nlp machine learning,AI ML Engineer
pytorch pandas data preprocessing tensorflow sklearn gradient descent machine learning numpy python,AI ML Engineer
numpy python model evaluation pandas unsupervised learning sklearn data preprocessing deep learning machine learning model deployment,AI ML Engineer
deep learning tensorflow numpy python feature engineering pandas data preprocessing sklearn,AI ML Engineer
python sklearn keras machine learning pandas model evaluation deep learning clustering numpy data preprocessing,AI ML Engineer
deep learning keras data preprocessing python pandas numpy sklearn pytorch machine learning gradient descent,AI ML Engineer
algorithms sklearn numpy model evaluation machine learning pandas feature engineering python deep learning,AI ML Engineer
computer vision deep learning pandas regression numpy sklearn data preprocessing,AI ML Engineer
numpy machine learning nlp deep learning data preprocessing classification clustering supervised learning sklearn python pandas,AI ML Engineer
unsupervised learning deep learning sklearn machine learning model evaluation pandas python feature engineering supervised learning data preprocessing,AI ML Engineer
model evaluation data preprocessing deep learning pandas cnn numpy computer vision machine learning python algorithms sklearn,AI ML Engineer
security pentesting linux encryption access control wireshark cryptography python networking,Cybersecurity Analyst
networking siem vpn wireshark linux cryptography python security scanning,Cybersecurity Analyst
wireshark security scanning vpn python linux cryptography networking,Cybersecurity Analyst
wireshark vulnerability cryptography threat analysis security risk assessment networking malware analysis linux compliance,Cybersecurity Analyst
python pentesting network security wireshark linux security networking cryptography scanning intrusion detection,Cybersecurity Analyst
wireshark security soc linux python networking access control,Cybersecurity Analyst
linux networking wireshark python compliance cryptography security ethical hacking,Cybersecurity Analyst
cryptography network security malware analysis scanning security ethical hacking python wireshark networking linux,Cybersecurity Analyst
risk assessment cryptography firewall malware analysis wireshark scanning vpn python networking security,Cybersecurity Analyst
linux access control wireshark python intrusion detection networking security,Cybersecurity Analyst
threat analysis pentesting cryptography linux python security wireshark,Cybersecurity Analyst
linux malware analysis wireshark networking cryptography vulnerability python siem security,Cybersecurity Analyst
compliance scanning security python cryptography wireshark linux,Cybersecurity Analyst
vulnerability cryptography linux access control malware analysis security wireshark python pentesting networking,Cybersecurity Analyst
risk assessment siem networking cryptography access control soc linux compliance python wireshark security,Cybersecurity Analyst
linux cryptography networking python wireshark vpn compliance security,Cybersecurity Analyst
wireshark cryptography linux siem vulnerability security networking python,Cybersecurity Analyst
wireshark networking cryptography linux security vulnerability python intrusion detection threat analysis,Cybersecurity Analyst
soc python security intrusion detection vpn cryptography wireshark network security networking linux,Cybersecurity Analyst
access control linux networking forensics pentesting security python cryptography wireshark network security malware analysis,Cybersecurity Analyst
networking scanning risk assessment wireshark python siem linux security cryptography,Cybersecurity Analyst
compliance incident response security networking wireshark python linux cryptography,Cybersecurity Analyst
ethical hacking cryptography networking vulnerability wireshark python security linux nmap network security,Cybersecurity Analyst
compliance linux security networking wireshark pentesting vulnerability soc cryptography forensics,Cybersecurity Analyst
compliance vpn wireshark security vulnerability linux python networking cryptography,Cybersecurity Analyst
intrusion detection cryptography python threat analysis scanning security linux nmap networking access control wireshark,Cybersecurity Analyst
firewall wireshark python cryptography pentesting nmap linux security threat analysis malware analysis,Cybersecurity Analyst
python security incident response cryptography wireshark siem forensics linux networking,Cybersecurity Analyst
network security networking python vpn wireshark security linux cryptography threat analysis nmap,Cybersecurity Analyst
vulnerability networking network security python wireshark ethical hacking linux security compliance cryptography encryption,Cybersecurity Analyst
python networking linux wireshark malware analysis threat analysis cryptography security intrusion detection,Cybersecurity Analyst
networking linux python risk assessment cryptography scanning network security security wireshark,Cybersecurity Analyst
linux malware analysis cryptography python security vulnerability networking wireshark ethical hacking vpn,Cybersecurity Analyst
wireshark networking linux ethical hacking cryptography security forensics access control python vpn,Cybersecurity Analyst
wireshark python cryptography risk assessment security linux encryption networking,Cybersecurity Analyst
python vpn forensics security networking linux wireshark compliance threat analysis cryptography risk assessment,Cybersecurity Analyst
security cryptography threat analysis vpn python wireshark networking pentesting linux,Cybersecurity Analyst
incident response cryptography networking wireshark python linux firewall compliance,Cybersecurity Analyst
wireshark linux python access control cryptography encryption networking security,Cybersecurity Analyst
wireshark linux soc networking python security incident response,Cybersecurity Analyst
incident response pentesting scanning wireshark linux access control networking cryptography python security,Cybersecurity Analyst
cryptography ethical hacking python networking siem nmap firewall wireshark linux threat analysis security,Cybersecurity Analyst
cryptography ethical hacking network security vulnerability python access control networking linux pentesting security wireshark,Cybersecurity Analyst
wireshark linux vulnerability pentesting python security networking cryptography nmap,Cybersecurity Analyst
cryptography nmap security wireshark soc compliance linux python networking pentesting incident response,Cybersecurity Analyst
python linux wireshark ethical hacking security soc pentesting nmap incident response networking cryptography,Cybersecurity Analyst
linux wireshark security python networking threat analysis cryptography access control soc,Cybersecurity Analyst
nmap python pentesting cryptography security firewall linux networking,Cybersecurity Analyst
nmap wireshark ethical hacking security linux cryptography access control threat analysis networking,Cybersecurity Analyst
python pentesting cryptography security firewall malware analysis linux siem networking,Cybersecurity Analyst
security cryptography networking forensics wireshark vpn vulnerability linux encryption python,Cybersecurity Analyst
cryptography security intrusion detection compliance networking linux firewall python wireshark malware analysis,Cybersecurity Analyst
security nmap wireshark python encryption vulnerability soc networking linux cryptography,Cybersecurity Analyst
security linux access control nmap networking wireshark cryptography python,Cybersecurity Analyst
security pentesting malware analysis wireshark python access control cryptography networking linux,Cybersecurity Analyst
wireshark python networking linux ethical hacking cryptography security siem,Cybersecurity Analyst
cryptography python vulnerability scanning malware analysis wireshark networking linux security,Cybersecurity Analyst
networking cryptography intrusion detection python siem linux security wireshark,Cybersecurity Analyst
encryption wireshark threat analysis risk assessment networking linux python cryptography,Cybersecurity Analyst
linux cryptography scanning compliance networking security vpn wireshark firewall python,Cybersecurity Analyst
access control linux networking wireshark security cryptography network security python malware analysis vpn risk assessment,Cybersecurity Analyst
incident response networking security threat analysis linux wireshark cryptography python risk assessment nmap,Cybersecurity Analyst
forensics cryptography vulnerability wireshark networking security python linux,Cybersecurity Analyst
cryptography networking firewall linux network security pentesting security forensics siem wireshark python,Cybersecurity Analyst
forensics ethical hacking access control firewall network security python cryptography security networking wireshark,Cybersecurity Analyst
wireshark networking siem nmap security python linux network security cryptography incident response,Cybersecurity Analyst
python security compliance cryptography linux networking soc wireshark,Cybersecurity Analyst
intrusion detection cryptography security scanning network security python wireshark networking firewall linux,Cybersecurity Analyst
linux firewall networking security wireshark vulnerability cryptography python,Cybersecurity Analyst
security vpn pentesting linux incident response cryptography encryption python wireshark networking,Cybersecurity Analyst
threat analysis linux cryptography python networking malware analysis wireshark security incident response,Cybersecurity Analyst
security python wireshark networking linux soc cryptography compliance,Cybersecurity Analyst
encryption network security cryptography forensics python networking soc linux security,Cybersecurity Analyst
networking vulnerability wireshark python cryptography ethical hacking security linux,Cybersecurity Analyst
encryption security cryptography linux malware analysis networking ethical hacking wireshark vpn,Cybersecurity Analyst
security forensics wireshark cryptography ethical hacking pentesting linux networking threat analysis,Cybersecurity Analyst
encryption cryptography security python wireshark scanning vulnerability networking linux,Cybersecurity Analyst
network security threat analysis risk assessment networking linux cryptography python nmap wireshark,Cybersecurity Analyst
compliance linux scanning cryptography threat analysis security ethical hacking wireshark networking forensics python,Cybersecurity Analyst
python vpn network security wireshark networking security cryptography encryption linux,Cybersecurity Analyst
